ancora,N_sopra_5000,alpha,media_classe_aperta_implicita,platea_sopra_100k_annui_predetta,gettito_tetto2500_mld
INPS 2017 (Prestazioni pensionistiche e beneficiari),266180,2.7858577304780354,4679.865058006029,80163.86519738862,17.453441646395824
Itinerari Previdenziali 2018,199000,3.355265241380747,4273.741889996765,46895.132235548735,13.480864765153205
"stampa/INPS 2023 (~400k, 2,6%)",400000,1.988537164514899,6034.787267175916,169836.58475999784,30.418951324689058
