premio,pensione_effettiva,pensione_contributiva,eccesso,quota_pct,ral_finale,anni,tasso_sostituzione_retributivo,tasso_sostituzione_contributivo,eccesso_annuo_mld,n_pensioni,fonte
0.0,19251.83,12001.271708111568,7250.558291888434,37.66165757690793,29169.439393939396,33,66.0,41.14330599924077,30.602090606333793,4220653,"AMECO ITA.1.0.0.0.HWCDW + cubo INPS 389 (retributivo, vecchiaia)"
0.01,19251.83,10156.767691626635,9095.062308373366,47.24258581326225,29169.439393939396,33,66.0,34.81989336324692,38.387102017022976,4220653,"AMECO ITA.1.0.0.0.HWCDW + cubo INPS 389 (retributivo, vecchiaia)"
0.02,19251.83,8702.598195454635,10549.231804545367,54.79599500174979,29169.439393939396,33,66.0,29.834643298845144,44.52464686354981,4220653,"AMECO ITA.1.0.0.0.HWCDW + cubo INPS 389 (retributivo, vecchiaia)"
